{
    "author": "yajrendrag",
    "compatibility": [
        2
    ],
    "description": "Forces a file to be added to the processing queue without any library testing",
    "icon": "https://raw.githubusercontent.com/Unmanic/plugin.encoder_audio_aac/master/icon.png",
    "id": "force_processing",
    "name": "Force processing",
    "platform": [
        "all"
    ],
    "priorities": {
        "on_library_management_file_test": 99
    },
    "tags": "library file test",
    "version": "0.0.1"
}
