{
    "author": "Josh.5",
    "compatibility": [
        2
    ],
    "description": "Only include files that do not end with specified extensions.",
    "icon": "https://raw.githubusercontent.com/Unmanic/plugin.limit_library_search_by_file_extension/master/icon.png",
    "id": "ignore_files_based_on_extension",
    "name": "Ignore files based on extension",
    "platform": [
        "all"
    ],
    "priorities": {
        "on_library_management_file_test": 1
    },
    "tags": "library file test",
    "version": "0.0.1"
}
