{
    "author": "Josh.5, yajrendrag",
    "compatibility": [
        2
    ],
    "description": "Ignore files containing specified value in the Mediainfo data.",
    "icon": "https://raw.githubusercontent.com/Unmanic/plugin.limit_library_search_by_ffprobe_data/master/icon.png",
    "id": "ignore_files_with_matching_ffprobe_data",
    "name": "Ignore files containing matching ffprobe data",
    "priorities": {
        "on_library_management_file_test": 0
    },
    "tags": "audio,video,ffmpeg",
    "version": "0.0.4"
}
