{
    "author": "yajrendrag",
    "compatibility": [2],
    "description": "Detects and splits multi-episode MKV files into individual episode files using a multi-technique detection pipeline including chapter markers, silence/black frame detection, perceptual hashing, audio fingerprinting, and optional LLM vision analysis",
    "icon": "https://raw.githubusercontent.com/yajrendrag/unmanic-plugins/master/source/split_multi_episode/icon.png",
    "id": "split_multi_episode",
    "name": "Split Multi-Episode Files",
    "priorities": {
        "on_library_management_file_test": 0,
        "on_worker_process": 0,
        "on_postprocessor_file_movement": 0,
        "on_postprocessor_task_results": 0
    },
    "tags": "video,mkv,split,episode,ffmpeg,chapters,silence,detection",
    "version": "0.2.7"
}
