{
    "author": "yajrendrag",
    "compatibility": [
        1,
        2
    ],
    "description": "Set first audio stream to  original audio language, or reorder multiple audio languages or both",
    "icon": "https://raw.githubusercontent.com/Josh5/unmanic.plugin.reorder_audio_streams_by_language/master/icon.png",
    "id": "reorder_by_original_language",
    "name": "Reorder by original language",
    "platform": [
        "all"
    ],
    "priorities": {
        "on_library_management_file_test": 99,
        "on_worker_process": 2
    },
    "tags": "audio,ffmpeg,library file test",
    "version": "0.2.0"
}
