{
    "author": "Josh.5",
    "compatibility": [
        1,
        2
    ],
    "description": "Normalise the audio of AAC audio streams. This plugin will only process files with AAC streams.",
    "icon": "https://raw.githubusercontent.com/Josh5/unmanic.plugin.normalise_aac/master/icon.png",
    "id": "normalise_aac",
    "name": "Normalise AAC Audio Streams",
    "platform": [
        "all"
    ],
    "priorities": {
        "on_library_management_file_test": 99,
        "on_worker_process": 0
    },
    "tags": "audio,ffmpeg,library file test",
    "version": "0.0.7"
}
