{
    "author": "yajrendrag",
    "compatibility": [
        1,
        2
    ],
    "description": "Specify maximum number of audio channels per stream.",
    "icon": "https://raw.githubusercontent.com/Unmanic/plugin.remove_stream_by_language/master/icon.png",
    "id": "remove_audio_stream_by_channels",
    "name": "Remove audio stream by channels",
    "platform": [
        "all"
    ],
    "priorities": {
        "on_library_management_file_test": 99,
        "on_worker_process": 1
    },
    "tags": "audio,ffmpeg,library file test",
    "version": "0.0.1"
}
