{
    "author": "yajrendrag",
    "compatibility": [
        1,
        2
    ],
    "description": "Arrange streams in video file and sort audio by channels and language",
    "icon": "https://raw.githubusercontent.com/Unmanic/plugin.remove_stream_by_language/master/icon.png",
    "id": "stream_arranger",
    "name": "Stream arranger",
    "platform": [
        "all"
    ],
    "priorities": {
        "on_library_management_file_test": 99,
        "on_worker_process": 1
    },
    "tags": "audio, ffmpeg,library file test",
    "version": "0.0.4"
}
